,Train,Test,Val
0,0.5973542670592283,0.919729,0.7401245
1,0.5155497808273022,0.84506375,0.6662989
