,Train,Test,Val
0,1.0926610437845572,0.9594412,0.7744419
1,0.971987896940647,0.9064415,0.73215747
