,Train,Test,Val,lr
0,40.20051481009752,26.625269,16.71023,1e-05
1,31.043596409638724,25.548868,14.808219,1e-05
