,Train,Test,Val
0,0.986971592209278,0.8049404,0.62877136
1,0.8989892994562786,0.69902176,0.520358
