weekday,mean,std,count
0,0.03073262522325048,0.07258604005970135,79
1,0.1812474838145822,0.13509386179832336,80
2,0.19081430218777584,0.09533032019081956,80
3,0.22268523146733715,0.07058764359501757,77
4,0.2226325270065076,0.0969317646397557,77
5,0.15641565321504197,0.08612392266672364,77
6,0.012766492333528357,0.07647135727840326,77
