weekday,mean,std,count
0,0.06491246247757172,0.19293181107850704,60
1,0.15476074791783787,0.07487552796046923,59
2,0.178567744091687,0.09476989626410588,59
3,0.22915304822213103,0.044683590676369664,59
4,0.23032700326287353,0.10575877728426855,59
5,0.15438366985481886,0.07263076107980741,59
6,0.0267366197972671,0.06805700174957724,59
