,Train,Test,Val,lr
0,34.64633395262254,110.960785,29.91467,1e-05
1,27.459983693208454,97.34872,20.522863,1e-05
